{
  "cidade": {
    "precision": 0.7931034482758621,
    "recall": 0.8214285714285714,
    "f1-score": 0.8070175438596492,
    "support": 28
  },
  "nome": {
    "precision": 1.0,
    "recall": 1.0,
    "f1-score": 1.0,
    "support": 29
  },
  "servico": {
    "precision": 1.0,
    "recall": 1.0,
    "f1-score": 1.0,
    "support": 1
  },
  "estado": {
    "precision": 0.8275862068965517,
    "recall": 0.7741935483870968,
    "f1-score": 0.7999999999999999,
    "support": 31
  },
  "micro avg": {
    "precision": 0.875,
    "recall": 0.8651685393258427,
    "f1-score": 0.8700564971751412,
    "support": 89
  },
  "macro avg": {
    "precision": 0.9051724137931034,
    "recall": 0.898905529953917,
    "f1-score": 0.9017543859649122,
    "support": 89
  },
  "weighted avg": {
    "precision": 0.8748547074777218,
    "recall": 0.8651685393258427,
    "f1-score": 0.8696234969446087,
    "support": 89
  }
}