{
  "nome": {
    "precision": 1.0,
    "recall": 1.0,
    "f1-score": 1.0,
    "support": 19
  },
  "cidade": {
    "precision": 1.0,
    "recall": 0.875,
    "f1-score": 0.9333333333333333,
    "support": 8
  },
  "micro avg": {
    "precision": 1.0,
    "recall": 0.9629629629629629,
    "f1-score": 0.9811320754716981,
    "support": 27
  },
  "macro avg": {
    "precision": 1.0,
    "recall": 0.9375,
    "f1-score": 0.9666666666666667,
    "support": 27
  },
  "weighted avg": {
    "precision": 1.0,
    "recall": 0.9629629629629629,
    "f1-score": 0.980246913580247,
    "support": 27
  }
}